{"cameraMode":{"drawMode":0,"name":"Shaded","section":"Shading Mode"},"sceneLighting":false,"audioPlay":false,"sceneViewState":{"m_AlwaysRefresh":false,"showFog":true,"showSkybox":false,"showFlares":true,"showImageEffects":true,"showParticleSystems":true,"showVisualEffectGraphs":true,"m_FxEnabled":true},"in2DMode":false,"pivot":{"x":-0.055436551570892337,"y":-0.10279999673366547,"z":-0.4309999942779541},"rotation":{"x":-0.49423009157180788,"y":-0.15151314437389375,"z":0.08794086426496506,"w":-0.8515040874481201},"size":1.9394205808639527,"orthographic":false}